CustomerID,Gender,Age,Annual Income ($),Spending Score (1-100),Profession,Work Experience,Family Size,Age Group
1,1,19,15000,39,Healthcare,1,4,18-24
2,1,21,35000,81,Engineer,3,3,18-24
3,0,20,86000,6,Engineer,1,1,18-24
4,0,23,59000,77,Lawyer,0,2,18-24
5,0,31,38000,40,Entertainment,2,6,25-34
6,0,22,58000,76,Artist,0,2,18-24
7,0,35,31000,6,Healthcare,1,3,25-34
8,0,23,84000,94,Healthcare,1,3,18-24
9,1,64,97000,3,Engineer,0,3,55-64
10,0,30,98000,72,Artist,1,4,25-34
11,1,67,7000,14,Engineer,1,3,65-74
12,0,35,93000,99,Healthcare,4,4,25-34
13,0,58,80000,15,Executive,0,5,55-64
14,0,24,91000,77,Lawyer,1,1,18-24
15,1,37,19000,13,Doctor,0,1,35-44
16,1,22,51000,79,Healthcare,1,2,18-24
17,0,35,29000,35,Homemaker,9,5,25-34
18,1,20,89000,66,Healthcare,1,6,18-24
19,1,52,20000,29,Entertainment,1,4,45-54
20,0,35,62000,98,Artist,0,1,25-34
21,1,35,96000,35,Homemaker,12,1,25-34
22,1,25,4000,73,Healthcare,3,4,18-24
23,0,46,42000,5,Artist,13,2,45-54
24,1,31,71000,73,Artist,5,2,25-34
25,0,54,67000,14,Executive,1,3,45-54
26,1,29,52000,82,Artist,1,3,25-34
27,0,45,68000,32,Healthcare,9,2,35-44
28,1,35,78000,61,Artist,1,3,25-34
29,0,40,18000,31,Artist,0,1,35-44
30,0,23,20000,87,Artist,5,4,18-24
31,1,60,39000,4,Artist,0,3,55-64
32,0,21,34000,73,Doctor,1,2,18-24
33,1,53,59000,4,Healthcare,1,3,45-54
34,1,18,62000,92,Homemaker,9,7,
35,0,49,91000,14,Lawyer,1,2,45-54
36,0,21,95000,81,Healthcare,3,4,18-24
37,0,42,14000,17,Doctor,5,1,35-44
38,0,30,62000,73,Healthcare,1,5,25-34
39,0,36,9000,26,Artist,8,2,35-44
40,0,20,69000,75,Artist,8,2,18-24
41,0,65,25000,35,Artist,4,1,55-64
42,1,24,85000,92,Healthcare,0,2,18-24
43,1,48,22000,36,Artist,14,3,45-54
44,0,31,33000,61,Artist,1,2,25-34
45,0,49,72000,28,Engineer,8,1,45-54
46,0,24,3000,65,Lawyer,4,2,18-24
47,0,50,52000,55,Artist,0,4,45-54
48,0,27,71000,47,Healthcare,12,1,25-34
49,0,29,78000,42,Healthcare,0,4,25-34
50,0,31,25000,42,Engineer,1,1,25-34
51,0,49,88000,52,Artist,1,2,45-54
52,1,33,97000,60,Artist,1,2,25-34
53,0,31,74000,54,Artist,1,1,25-34
54,1,59,68000,60,Entertainment,0,2,55-64
55,0,50,18000,45,Marketing,1,1,45-54
56,1,47,95000,41,Artist,14,2,45-54
57,0,51,71000,50,Healthcare,9,4,45-54
58,1,69,8000,46,Doctor,8,2,65-74
59,0,27,57000,51,Artist,1,3,25-34
60,1,53,89000,46,Lawyer,1,6,45-54
61,1,70,84000,56,Artist,0,2,65-74
62,1,19,50000,55,Artist,9,2,18-24
63,0,67,50000,52,Lawyer,0,3,65-74
64,0,54,48000,59,Lawyer,1,2,45-54
65,1,63,63000,51,Lawyer,7,2,55-64
66,1,18,9000,59,Entertainment,0,2,
67,0,43,3000,50,Doctor,0,2,35-44
68,0,68,82000,48,Artist,8,4,65-74
69,1,19,81000,59,Artist,0,4,18-24
70,0,32,97000,47,Homemaker,2,2,25-34
71,1,70,91000,55,Healthcare,8,2,65-74
72,0,47,9000,42,Entertainment,8,2,45-54
73,0,60,44000,49,Artist,0,5,55-64
74,0,60,10000,56,Healthcare,8,4,55-64
75,1,59,89000,47,Artist,0,4,55-64
76,1,26,49000,54,Homemaker,0,3,25-34
77,0,45,67000,53,Doctor,0,2,35-44
78,1,40,99000,48,Artist,4,3,35-44
79,0,23,97000,52,Engineer,2,2,18-24
80,0,49,98000,42,Artist,1,1,45-54
81,1,57,52000,51,Healthcare,0,4,55-64
82,1,38,61000,55,Healthcare,6,3,35-44
83,1,67,120000,41,Artist,8,1,65-74
84,0,46,34000,44,Entertainment,8,4,45-54
85,0,21,24000,57,Marketing,1,3,18-24
86,1,48,31000,46,Healthcare,7,5,45-54
87,0,55,11000,58,Artist,0,3,45-54
88,0,22,55000,55,Artist,5,2,18-24
89,0,34,76000,60,Entertainment,7,3,25-34
90,0,50,56000,46,Doctor,0,2,45-54
91,0,68,46000,55,Entertainment,0,3,65-74
92,1,18,36000,41,Artist,1,4,
93,1,48,88000,49,Artist,1,2,45-54
94,0,40,31000,40,Entertainment,1,2,35-44
95,0,32,24000,42,Artist,0,1,25-34
96,1,24,80000,52,Artist,10,1,18-24
97,0,47,2000,47,Artist,0,1,45-54
98,0,27,67000,50,Artist,0,2,25-34
99,1,48,58000,42,Doctor,1,2,45-54
100,1,20,80000,49,Engineer,3,3,18-24
101,0,23,65000,41,Artist,0,4,18-24
102,0,49,4000,48,Executive,1,7,45-54
103,1,67,98000,59,Artist,0,3,65-74
104,1,26,52000,55,Executive,0,5,25-34
105,1,49,86000,56,Healthcare,10,2,45-54
106,0,21,82000,42,Doctor,1,2,18-24
107,0,66,43000,50,Homemaker,3,2,65-74
108,1,54,78000,46,Lawyer,1,1,45-54
109,1,68,13000,43,Healthcare,6,5,65-74
110,1,66,13000,48,Healthcare,9,3,65-74
111,1,65,34000,52,Entertainment,4,4,55-64
112,0,19,25000,54,Artist,0,1,18-24
113,0,38,71000,42,Doctor,1,5,35-44
114,1,19,2000,46,Artist,1,1,18-24
115,0,18,97000,48,Executive,0,3,
116,0,19,51000,50,Executive,8,4,18-24
117,0,63,9000,43,Lawyer,1,1,55-64
118,0,49,79000,59,Artist,0,2,45-54
119,0,51,84000,43,Artist,2,7,45-54
120,0,50,87000,57,Artist,1,2,45-54
121,1,27,36000,56,Executive,0,3,25-34
122,0,38,50000,40,Executive,1,4,35-44
123,0,40,97000,58,Engineer,9,4,35-44
124,1,39,6000,91,Healthcare,1,3,35-44
125,0,23,12000,29,Entertainment,9,2,18-24
126,0,31,46000,77,Marketing,1,2,25-34
127,1,43,89000,35,Engineer,0,7,35-44
128,1,40,4000,95,Artist,0,2,35-44
129,1,59,38000,11,Engineer,0,2,55-64
130,1,38,64000,75,Entertainment,8,5,35-44
131,1,47,66000,9,Executive,9,5,45-54
132,1,39,26000,75,Lawyer,0,2,35-44
133,0,25,41000,34,Healthcare,6,4,18-24
134,0,31,45000,71,Artist,5,1,25-34
135,1,20,89000,5,Engineer,1,2,18-24
136,0,29,92000,88,Executive,5,5,25-34
137,0,44,76000,7,Artist,5,2,35-44
138,1,32,85000,73,Artist,3,4,25-34
139,1,19,22000,10,Marketing,8,4,18-24
140,0,35,15000,72,Artist,4,4,25-34
141,0,57,32000,5,Engineer,0,2,55-64
142,1,32,66000,93,Artist,0,5,25-34
143,0,28,62000,40,Doctor,5,3,25-34
144,0,32,85000,87,Lawyer,1,2,25-34
145,1,25,71000,12,Engineer,0,5,18-24
146,1,28,26000,97,Marketing,8,5,25-34
147,1,48,52000,36,Engineer,9,2,45-54
148,0,32,38000,74,Lawyer,1,1,25-34
149,0,34,51000,22,Healthcare,7,4,25-34
150,1,34,90000,90,Artist,6,3,25-34
151,1,43,30000,17,Lawyer,0,2,35-44
152,1,39,41000,88,Engineer,0,1,35-44
153,0,44,17000,20,Engineer,0,2,35-44
154,0,38,92000,76,Artist,2,2,35-44
155,0,47,80000,16,Healthcare,0,4,45-54
156,0,27,10000,89,Marketing,8,4,25-34
157,1,37,16000,1,Executive,1,1,35-44
158,0,30,87000,78,Artist,3,4,25-34
159,1,34,66000,1,Lawyer,1,2,25-34
160,0,30,86000,73,Artist,3,3,25-34
161,0,56,9000,35,Artist,1,1,55-64
162,0,29,50000,83,Healthcare,1,5,25-34
163,1,19,35000,5,Executive,0,5,18-24
164,0,31,58000,93,Healthcare,1,5,25-34
165,1,50,47000,26,Doctor,0,2,45-54
166,0,36,54000,75,Artist,5,3,35-44
167,1,42,79000,20,Homemaker,9,3,35-44
168,0,33,83000,95,Artist,0,5,25-34
169,0,36,57000,27,Artist,0,3,35-44
170,1,32,0,63,Artist,2,2,25-34
171,1,40,69000,13,Artist,3,5,35-44
172,1,28,4000,75,Executive,0,2,25-34
173,1,36,79000,10,Lawyer,0,2,35-44
174,1,36,99000,92,Artist,5,2,35-44
175,0,52,20000,13,Lawyer,0,2,45-54
176,0,30,28000,86,Artist,3,4,25-34
177,1,58,29000,15,Engineer,11,1,55-64
178,1,27,45000,69,Healthcare,2,6,25-34
179,1,59,86000,14,Healthcare,4,3,55-64
180,1,35,42000,90,Engineer,8,1,25-34
181,0,37,59000,32,Artist,7,2,35-44
182,0,32,61000,86,Entertainment,7,5,25-34
183,1,46,11000,15,Artist,7,1,45-54
184,0,29,66000,88,Artist,4,4,25-34
185,0,41,39000,39,Artist,1,1,35-44
186,1,30,72000,97,Artist,6,2,25-34
187,0,54,14000,24,Lawyer,1,2,45-54
188,1,28,44000,68,Doctor,5,3,25-34
189,0,41,76000,17,Engineer,8,2,35-44
190,0,36,95000,85,Artist,4,2,35-44
191,0,34,92000,23,Artist,5,3,25-34
192,0,32,98000,69,Artist,8,2,25-34
193,1,33,96000,8,Executive,9,2,25-34
194,0,38,45000,91,Artist,10,4,35-44
195,0,47,8000,16,Artist,7,2,45-54
196,0,35,46000,79,Executive,1,3,25-34
197,0,45,78000,28,Artist,0,2,35-44
198,1,32,4000,74,Artist,1,5,25-34
199,1,32,81000,18,Executive,1,2,25-34
200,1,30,33000,83,Artist,4,2,25-34
201,0,21,40000,10,Healthcare,0,3,18-24
202,1,34,85000,16,Healthcare,9,3,25-34
204,0,76,60000,39,Healthcare,4,2,75-84
205,0,62,63000,59,Entertainment,0,2,55-64
206,0,63,10000,52,Healthcare,8,3,55-64
207,0,19,55000,61,Healthcare,0,3,18-24
208,1,46,93000,12,Artist,2,1,45-54
209,0,48,15000,7,Doctor,0,2,45-54
210,0,80,39000,33,Engineer,9,4,75-84
213,1,86,12000,70,Marketing,2,4,85+
214,1,49,50000,82,Lawyer,8,1,45-54
215,1,48,95000,68,Doctor,2,4,45-54
216,0,46,66000,70,Healthcare,3,3,45-54
217,1,79,20000,40,Doctor,6,2,75-84
218,0,83,35000,99,Doctor,8,2,75-84
219,0,66,71000,34,Executive,9,2,65-74
220,0,59,76000,61,Artist,9,1,55-64
221,0,39,84000,33,Artist,5,3,35-44
222,0,95,72000,51,Engineer,4,2,85+
223,1,43,33000,55,Artist,4,3,35-44
224,0,93,93000,37,Healthcare,1,5,85+
225,0,40,83000,48,Homemaker,4,1,35-44
226,0,78,23000,8,Engineer,1,1,75-84
227,0,25,40000,77,Artist,5,4,18-24
228,1,76,89000,86,Healthcare,9,4,75-84
232,1,84,7000,28,Healthcare,0,4,75-84
233,0,67,18000,88,Lawyer,0,2,65-74
234,0,78,3000,14,Healthcare,0,4,75-84
236,0,29,62000,34,Healthcare,0,4,25-34
237,1,91,9000,96,Healthcare,1,5,85+
238,1,95,36000,35,Artist,0,4,85+
239,1,55,37000,74,Lawyer,1,4,45-54
241,1,92,83000,16,Executive,1,5,85+
242,0,65,79000,17,Artist,0,3,55-64
243,0,84,40000,14,Healthcare,1,4,75-84
244,0,77,47000,58,Artist,0,6,75-84
245,0,53,4000,20,Artist,0,4,45-54
246,0,28,38000,75,Entertainment,7,2,25-34
247,1,23,0,96,Doctor,1,3,18-24
248,0,32,7000,16,Artist,1,2,25-34
249,0,37,41000,2,Artist,1,2,35-44
250,0,89,65000,0,Engineer,0,5,85+
251,1,80,20000,93,Engineer,1,3,75-84
252,0,27,44000,65,Doctor,8,1,25-34
253,0,78,3000,14,Artist,5,4,75-84
254,0,86,72000,13,Lawyer,7,3,85+
255,0,46,27000,32,Engineer,4,4,45-54
256,1,59,85000,49,Lawyer,4,2,55-64
258,1,79,73000,96,Homemaker,6,7,75-84
259,0,79,64000,64,Artist,2,3,75-84
260,1,26,26000,60,Executive,6,4,25-34
261,0,63,47000,16,Artist,2,3,55-64
262,0,52,35000,85,Doctor,2,6,45-54
263,0,32,31000,24,Lawyer,2,3,25-34
264,0,64,13000,38,Engineer,3,4,55-64
265,0,37,79000,10,Homemaker,1,7,35-44
267,0,40,28000,68,Artist,1,1,35-44
268,0,78,36000,79,Artist,0,3,75-84
269,0,34,8000,76,Entertainment,6,6,25-34
270,0,52,88000,39,Artist,1,2,45-54
271,1,94,91000,36,Entertainment,0,4,85+
273,0,96,1000,76,Entertainment,0,3,85+
274,0,18,143000,99,Artist,0,2,
275,0,37,18000,57,Artist,1,2,35-44
276,1,78,65000,89,Lawyer,1,2,75-84
278,1,93,95000,21,Artist,1,1,85+
279,0,74,78000,12,Engineer,9,3,65-74
280,1,68,48000,73,Healthcare,3,3,65-74
281,0,32,63000,87,Executive,1,4,25-34
282,0,43,85000,63,Marketing,1,2,35-44
283,0,52,43000,58,Artist,1,3,45-54
284,0,63,74000,20,Artist,1,2,55-64
285,0,33,67000,11,Healthcare,0,1,25-34
286,1,86,59000,40,Artist,0,1,85+
287,0,85,140000,84,Entertainment,1,1,75-84
288,0,73,31000,47,Healthcare,1,2,65-74
289,0,21,5000,91,Marketing,0,1,18-24
290,0,93,19000,58,Engineer,1,3,85+
294,0,48,50000,36,Engineer,6,4,45-54
295,0,73,80000,73,Entertainment,2,2,65-74
296,0,66,69000,43,Executive,9,3,65-74
297,0,79,31000,91,Engineer,3,3,75-84
298,1,62,87000,41,Doctor,6,2,55-64
300,1,32,32000,86,Entertainment,5,2,25-34
301,1,85,153787,100,Entertainment,3,3,75-84
302,1,31,95851,16,Healthcare,5,2,25-34
303,0,31,145015,73,Healthcare,6,3,25-34
304,0,38,148539,7,Healthcare,5,2,35-44
305,0,90,117319,21,Lawyer,1,2,85+
306,0,65,180243,26,Marketing,6,2,55-64
307,0,63,165052,12,Artist,4,2,55-64
308,0,61,120487,14,Doctor,0,2,55-64
309,1,26,112766,83,Engineer,8,4,25-34
311,1,56,97562,15,Executive,5,6,55-64
313,0,24,118302,100,Lawyer,5,1,18-24
316,1,72,93921,93,Lawyer,9,2,65-74
317,0,54,132046,8,Homemaker,4,4,45-54
318,1,45,183217,91,Artist,7,2,35-44
319,1,66,182937,44,Marketing,8,1,65-74
320,0,27,68272,56,Healthcare,8,4,25-34
321,1,36,69841,21,Engineer,10,2,35-44
323,0,89,110667,100,Healthcare,2,4,85+
325,0,91,102861,40,Artist,4,1,85+
327,0,63,64589,90,Engineer,7,1,55-64
328,1,52,152755,39,Engineer,4,2,45-54
329,0,37,92313,58,Healthcare,1,5,35-44
330,0,78,98922,2,Artist,2,3,75-84
331,1,24,165846,33,Engineer,0,4,18-24
333,1,84,137641,67,Healthcare,0,5,75-84
335,0,67,116126,58,Entertainment,10,2,65-74
336,0,32,112246,30,Healthcare,8,3,25-34
337,0,39,69384,75,Healthcare,1,5,35-44
338,0,68,76529,62,Healthcare,0,2,65-74
340,0,76,68292,55,Artist,8,2,75-84
341,0,84,173185,99,Artist,3,1,75-84
342,1,75,142034,82,Entertainment,1,4,65-74
343,1,22,107941,61,Artist,0,1,18-24
344,0,90,149840,61,Engineer,1,1,85+
346,0,78,126599,84,Lawyer,0,3,75-84
347,0,58,57180,22,Healthcare,9,1,55-64
348,0,99,184426,41,Artist,9,1,85+
349,0,24,151085,39,Marketing,2,5,18-24
350,0,88,166107,98,Artist,13,4,85+
351,0,92,67850,91,Artist,9,4,85+
352,1,99,173394,4,Engineer,13,1,85+
353,0,51,72303,98,Lawyer,7,1,45-54
354,1,23,181760,35,Healthcare,14,3,18-24
356,1,22,172923,20,Engineer,6,1,18-24
357,0,89,115811,87,Homemaker,11,4,85+
358,1,20,184324,51,Marketing,13,5,18-24
359,0,72,67353,19,Lawyer,9,3,65-74
361,1,90,164914,18,Artist,8,3,85+
362,1,99,63364,61,Entertainment,1,2,85+
363,0,39,182352,73,Engineer,4,3,35-44
364,0,37,148544,56,Entertainment,1,2,35-44
365,1,46,62833,85,Artist,1,2,45-54
366,1,65,120627,72,Healthcare,0,2,55-64
367,0,60,130898,30,Artist,1,1,55-64
368,0,93,103130,74,Executive,12,3,85+
369,1,72,106681,15,Healthcare,9,5,65-74
370,0,36,87353,25,Entertainment,1,5,35-44
371,1,52,88046,61,Artist,8,1,45-54
372,0,72,98168,49,Entertainment,1,2,65-74
373,0,28,178265,5,Lawyer,2,1,25-34
374,0,48,167232,92,Doctor,6,4,45-54
375,1,85,140478,43,Doctor,6,4,75-84
376,1,22,159296,83,Artist,8,1,18-24
377,0,30,144043,78,Doctor,1,1,25-34
378,1,46,72594,64,Artist,1,2,45-54
379,0,82,180288,77,Artist,2,2,75-84
380,0,73,165734,51,Entertainment,0,1,65-74
382,1,90,70201,8,Engineer,0,2,85+
383,1,34,91503,26,Artist,0,6,25-34
385,0,79,143560,83,Artist,1,3,75-84
386,1,83,131574,97,Artist,1,2,75-84
387,0,20,151124,18,Artist,15,3,18-24
388,0,25,67447,5,Artist,15,2,18-24
389,0,26,117454,8,Healthcare,16,2,25-34
390,0,18,86203,23,Doctor,13,1,
393,1,21,119116,30,Artist,17,4,18-24
394,0,86,163463,31,Artist,9,4,85+
395,0,75,151696,82,Artist,15,1,65-74
396,1,78,184736,52,Lawyer,13,1,75-84
397,0,87,70419,69,Homemaker,6,4,85+
399,1,59,130950,28,Executive,5,3,55-64
401,0,55,82285,35,Engineer,16,1,45-54
402,0,50,91389,92,Healthcare,11,7,45-54
403,1,54,186359,95,Doctor,13,2,45-54
405,1,79,166335,45,Engineer,5,5,75-84
406,0,65,119889,11,Artist,17,6,55-64
407,0,51,66852,73,Executive,15,3,45-54
408,1,18,103896,36,Executive,16,4,
409,1,21,187761,87,Healthcare,2,3,18-24
410,1,37,102717,93,Healthcare,7,4,35-44
411,1,83,102647,83,Entertainment,0,2,75-84
412,0,96,113585,31,Lawyer,0,4,85+
413,0,65,86509,88,Artist,0,4,55-64
414,1,80,59099,44,Marketing,1,7,75-84
415,0,75,135088,5,Lawyer,1,5,65-74
416,0,87,110870,78,Engineer,1,4,85+
417,0,86,187667,12,Artist,0,1,85+
418,0,36,124614,25,Artist,8,5,35-44
419,0,78,166492,40,Homemaker,9,7,75-84
420,0,62,172758,69,Entertainment,1,2,55-64
421,1,89,122430,19,Healthcare,1,1,85+
422,0,56,183540,96,Entertainment,0,6,55-64
423,0,35,96484,34,Artist,5,4,25-34
424,1,33,112587,71,Artist,1,4,25-34
425,0,58,155672,71,Entertainment,7,7,55-64
426,0,68,72847,93,Artist,1,2,65-74
427,1,38,71897,32,Entertainment,2,3,35-44
428,1,31,158479,57,Doctor,1,5,25-34
429,1,90,89251,4,Entertainment,1,1,85+
430,1,28,179911,24,Engineer,1,1,25-34
432,1,78,127615,78,Executive,10,7,75-84
433,0,23,50076,32,Artist,3,5,18-24
434,0,25,77779,62,Artist,4,1,18-24
435,1,59,169999,38,Engineer,5,5,55-64
437,0,24,78223,41,Lawyer,0,1,18-24
438,1,76,136259,14,Artist,0,7,75-84
439,1,37,153399,93,Entertainment,1,6,35-44
443,0,95,66322,88,Artist,0,3,85+
446,1,54,65874,87,Artist,7,6,45-54
447,1,89,115996,24,Engineer,15,1,85+
448,0,58,67097,91,Engineer,6,1,55-64
452,1,74,128266,55,Engineer,7,4,65-74
453,0,64,156777,20,Healthcare,7,2,55-64
454,0,48,123234,50,Lawyer,10,7,45-54
458,0,21,153885,86,Artist,6,6,18-24
459,1,84,53500,44,Marketing,3,4,75-84
461,0,47,124072,56,Lawyer,0,7,45-54
462,0,96,135800,29,Healthcare,0,7,85+
463,1,93,120597,96,Artist,2,4,85+
465,1,56,53231,41,Marketing,0,5,55-64
466,0,76,156330,31,Engineer,1,2,75-84
468,0,70,111760,53,Executive,12,5,65-74
469,0,47,143906,12,Artist,4,3,45-54
471,1,86,98463,46,Homemaker,10,5,85+
472,1,91,93762,28,Artist,15,7,85+
473,1,97,104582,50,Healthcare,8,2,85+
474,1,20,130813,92,Artist,17,5,18-24
476,0,28,79968,45,Lawyer,9,2,25-34
477,1,32,104824,42,Artist,0,7,25-34
478,1,82,188719,30,Lawyer,0,6,75-84
479,1,39,187536,66,Healthcare,3,6,35-44
482,0,34,154888,43,Healthcare,9,6,25-34
483,1,76,155622,81,Healthcare,0,2,75-84
484,0,30,62330,60,Healthcare,1,1,25-34
485,0,69,112838,34,Healthcare,1,7,65-74
486,1,22,58283,59,Homemaker,2,4,18-24
487,0,60,77857,81,Artist,1,6,55-64
488,1,66,125024,25,Artist,0,1,65-74
489,0,57,136242,34,Artist,9,1,55-64
490,0,60,81934,81,Healthcare,1,4,55-64
491,0,59,130511,97,Artist,3,4,55-64
492,0,54,144502,88,Lawyer,3,1,45-54
493,1,90,63769,6,Artist,4,2,85+
495,0,34,135115,54,Entertainment,1,7,25-34
496,0,85,179877,17,Healthcare,12,4,75-84
497,0,83,93351,65,Doctor,1,1,75-84
499,1,95,121725,3,Artist,12,3,85+
500,1,41,65723,91,Artist,6,7,35-44
501,0,38,96794,96,Healthcare,6,3,35-44
502,1,68,72352,61,Healthcare,8,5,65-74
506,0,20,111896,90,Executive,1,3,18-24
508,1,36,88565,16,Healthcare,1,5,35-44
509,0,70,104974,63,Artist,1,1,65-74
511,0,31,69018,17,Artist,6,1,25-34
512,0,48,174109,96,Entertainment,0,1,45-54
513,1,28,62186,29,Marketing,0,1,25-34
514,1,97,183783,70,Healthcare,9,3,85+
515,1,81,83771,1,Artist,1,2,75-84
516,0,37,148196,91,Artist,0,2,35-44
517,1,85,131742,87,Entertainment,1,1,75-84
518,0,78,59971,94,Homemaker,14,7,75-84
520,0,53,140107,38,Healthcare,1,5,45-54
521,0,41,161896,49,Entertainment,1,3,35-44
523,1,20,119952,2,Healthcare,8,2,18-24
524,0,98,167197,63,Doctor,1,5,85+
525,0,44,186116,2,Healthcare,8,6,35-44
526,0,66,134677,59,Healthcare,15,5,65-74
527,0,58,180479,74,Healthcare,0,3,55-64
528,1,97,112783,21,Artist,9,6,85+
530,1,48,115832,92,Artist,2,2,45-54
531,0,47,104834,44,Artist,0,7,45-54
532,1,93,152571,66,Doctor,14,5,85+
534,0,68,171761,59,Doctor,1,6,65-74
535,0,87,77709,73,Artist,0,1,85+
536,0,22,95053,17,Entertainment,1,2,18-24
537,1,89,74820,33,Doctor,1,2,85+
538,1,57,152267,92,Engineer,9,5,55-64
539,1,91,71925,14,Artist,4,2,85+
540,0,84,151340,95,Artist,1,7,75-84
541,1,56,162921,51,Executive,0,4,55-64
542,0,26,52234,30,Executive,1,2,25-34
543,0,56,100271,87,Artist,1,5,55-64
545,0,33,88763,1,Entertainment,1,1,25-34
546,0,89,107359,26,Artist,10,6,85+
547,1,99,164781,83,Engineer,0,2,85+
548,0,25,156016,85,Artist,2,1,18-24
549,0,96,186882,40,Entertainment,1,7,85+
550,0,35,99300,88,Homemaker,5,2,25-34
552,0,81,89211,12,Doctor,1,7,75-84
554,0,31,139592,62,Marketing,1,1,25-34
556,1,89,57033,99,Artist,0,4,85+
557,1,84,117612,63,Engineer,0,6,75-84
558,1,40,185321,96,Artist,0,7,35-44
561,0,69,123925,52,Artist,1,7,65-74
564,0,34,58979,3,Entertainment,9,5,25-34
565,0,51,141416,100,Healthcare,15,1,45-54
566,1,54,104854,67,Healthcare,1,7,45-54
567,0,19,180331,14,Artist,17,5,18-24
568,0,99,172896,13,Engineer,0,3,85+
570,0,91,189974,37,Engineer,8,1,85+
571,1,65,90084,65,Artist,1,6,55-64
572,0,47,112247,24,Executive,4,5,45-54
573,0,91,181775,61,Artist,4,5,85+
574,0,64,59088,31,Artist,1,3,55-64
575,0,91,60856,23,Artist,1,6,85+
576,1,32,149900,34,Artist,6,3,25-34
578,1,22,162598,84,Artist,8,3,18-24
579,0,37,146195,89,Healthcare,4,4,35-44
580,1,83,135268,53,Lawyer,4,5,75-84
581,0,89,136037,1,Marketing,5,1,85+
582,0,33,111191,67,Artist,9,4,25-34
584,0,71,177359,56,Doctor,6,2,65-74
586,1,49,53509,98,Artist,5,4,45-54
588,0,53,86766,2,Lawyer,16,3,45-54
589,0,63,52661,25,Healthcare,12,5,55-64
590,0,46,148520,14,Healthcare,11,5,45-54
591,1,42,149936,52,Artist,15,3,35-44
592,0,73,102296,31,Entertainment,7,5,65-74
593,1,75,178416,16,Executive,10,7,65-74
594,0,49,83788,41,Doctor,15,1,45-54
595,0,96,184771,77,Engineer,8,5,85+
596,0,52,70302,88,Executive,14,3,45-54
598,1,91,97879,40,Entertainment,15,7,85+
599,1,22,64707,29,Entertainment,7,3,18-24
600,1,62,71795,87,Healthcare,8,1,55-64
601,1,41,76567,85,Doctor,16,1,35-44
602,1,61,126370,20,Artist,11,4,55-64
603,0,71,154007,32,Artist,7,7,65-74
604,0,91,69720,78,Lawyer,17,6,85+
605,0,94,85265,68,Executive,7,6,85+
608,0,96,145457,57,Executive,2,1,85+
610,0,23,73759,83,Doctor,0,7,18-24
611,1,94,90082,17,Artist,5,7,85+
613,0,74,101352,36,Lawyer,0,5,65-74
614,0,52,93947,81,Healthcare,9,2,45-54
615,1,39,134629,23,Engineer,1,6,35-44
616,1,72,101858,70,Healthcare,8,6,65-74
617,0,55,165501,47,Artist,10,4,45-54
618,1,29,135931,74,Lawyer,5,1,25-34
619,1,38,103356,20,Marketing,1,6,35-44
620,0,44,75195,79,Artist,1,3,35-44
621,1,58,123083,44,Entertainment,6,5,55-64
622,1,77,73884,30,Healthcare,1,2,75-84
623,0,56,91180,61,Entertainment,1,7,55-64
624,1,79,86235,52,Artist,0,2,75-84
625,0,97,96400,4,Doctor,1,7,85+
626,1,78,83599,12,Healthcare,1,6,75-84
627,0,91,82535,50,Healthcare,0,1,85+
628,1,35,92227,8,Lawyer,0,5,25-34
629,0,43,150444,27,Artist,13,4,35-44
630,0,37,149095,83,Lawyer,1,2,35-44
631,1,63,113605,42,Artist,3,3,55-64
633,1,32,118280,92,Artist,0,5,25-34
634,1,91,94576,90,Artist,0,1,85+
635,0,33,129257,70,Executive,6,3,25-34
636,0,57,70373,10,Healthcare,2,6,55-64
637,0,43,77600,66,Healthcare,0,1,35-44
638,0,26,113707,97,Entertainment,0,5,25-34
639,0,59,189672,8,Doctor,0,7,55-64
640,0,61,143180,58,Artist,0,5,55-64
641,0,59,174890,14,Marketing,3,4,55-64
642,1,66,121377,19,Artist,7,7,65-74
643,1,26,154857,13,Healthcare,0,7,25-34
644,0,67,160945,51,Healthcare,0,5,65-74
645,0,85,119557,35,Artist,0,2,75-84
646,0,76,187141,33,Doctor,0,7,75-84
647,0,57,97468,22,Artist,0,1,55-64
648,0,77,160351,77,Lawyer,8,5,75-84
649,0,66,178627,94,Healthcare,1,2,65-74
650,0,49,170188,80,Lawyer,1,6,45-54
651,0,36,166007,40,Doctor,1,4,35-44
652,1,74,91794,83,Entertainment,0,7,65-74
654,1,27,152717,15,Executive,1,6,25-34
656,1,31,134263,94,Marketing,1,3,25-34
657,0,30,148236,28,Executive,1,1,25-34
658,1,94,171677,81,Artist,0,6,85+
659,0,31,189446,38,Artist,1,6,25-34
660,1,49,106633,53,Artist,0,3,45-54
661,1,49,81084,48,Executive,6,5,45-54
662,1,53,148759,52,Doctor,7,7,45-54
664,0,91,159537,37,Doctor,4,1,85+
665,1,26,79526,6,Marketing,9,7,25-34
666,1,28,101414,64,Artist,8,1,25-34
667,0,92,109519,72,Entertainment,1,4,85+
668,0,59,156880,70,Artist,0,7,55-64
670,0,23,144916,84,Engineer,1,7,18-24
671,1,54,59163,100,Marketing,3,3,45-54
672,0,93,93991,49,Artist,1,3,85+
673,0,65,58318,45,Doctor,1,1,55-64
675,1,71,84622,45,Doctor,0,6,65-74
677,0,57,87553,94,Artist,1,1,55-64
679,0,77,180831,33,Healthcare,1,2,75-84
680,0,89,137397,33,Doctor,1,7,85+
682,1,86,172477,69,Entertainment,1,3,85+
683,1,42,59954,37,Executive,4,4,35-44
684,0,29,112240,95,Entertainment,0,4,25-34
685,0,54,145679,35,Artist,0,2,45-54
686,1,96,136265,49,Artist,12,5,85+
687,0,58,74869,12,Healthcare,0,3,55-64
688,0,52,109425,46,Engineer,0,1,45-54
692,1,89,113834,22,Doctor,0,3,85+
693,1,83,132005,2,Entertainment,0,5,75-84
694,0,80,171323,78,Lawyer,10,4,75-84
695,0,74,92355,87,Entertainment,1,4,65-74
696,1,42,60982,3,Healthcare,0,5,35-44
697,0,91,51742,33,Artist,8,3,85+
698,0,31,138612,71,Executive,9,2,25-34
700,1,64,164675,65,Executive,0,5,55-64
701,0,41,172882,27,Healthcare,8,7,35-44
702,0,62,70119,93,Artist,0,1,55-64
703,1,41,113998,26,Healthcare,7,7,35-44
704,1,22,114011,40,Artist,5,7,18-24
706,0,38,130597,2,Artist,6,1,35-44
707,0,88,121597,7,Engineer,0,5,85+
708,1,56,103210,100,Artist,6,6,55-64
709,1,47,66308,8,Executive,0,4,45-54
711,1,82,153632,76,Entertainment,9,7,75-84
712,0,31,65520,71,Lawyer,1,2,25-34
713,0,69,153217,83,Healthcare,1,6,65-74
714,1,62,92768,75,Doctor,1,1,55-64
715,0,54,132345,10,Artist,0,2,45-54
716,0,60,186069,49,Marketing,1,2,55-64
717,0,31,53802,32,Artist,1,7,25-34
720,0,37,145648,21,Healthcare,7,6,35-44
721,1,36,85737,37,Executive,0,3,35-44
722,0,27,99950,20,Entertainment,0,4,25-34
724,1,83,73410,50,Entertainment,8,5,75-84
725,0,71,64310,43,Marketing,2,1,65-74
726,0,20,59844,79,Doctor,0,1,18-24
728,1,52,172841,4,Engineer,0,1,45-54
729,1,75,145528,61,Healthcare,1,2,65-74
730,1,36,173807,42,Artist,0,2,35-44
731,1,60,185794,69,Entertainment,7,1,55-64
734,0,41,118122,52,Entertainment,0,6,35-44
735,1,38,99964,11,Healthcare,7,4,35-44
736,0,69,120752,27,Executive,1,6,65-74
737,0,33,189630,53,Executive,5,5,25-34
738,1,64,125510,6,Healthcare,3,3,55-64
739,1,19,101799,49,Engineer,1,1,18-24
740,0,88,92914,74,Artist,0,3,85+
741,0,91,162465,59,Engineer,9,3,85+
742,1,84,163818,27,Engineer,2,1,75-84
743,0,43,53832,56,Entertainment,4,1,35-44
744,0,30,140190,49,Engineer,1,4,25-34
746,1,89,100938,27,Entertainment,0,7,85+
748,0,54,176885,10,Entertainment,0,3,45-54
749,0,41,111174,28,Artist,4,5,35-44
750,1,80,127335,97,Artist,6,6,75-84
751,1,37,149103,3,Healthcare,10,1,35-44
752,1,87,167705,31,Healthcare,0,7,85+
753,0,50,183548,85,Entertainment,1,4,45-54
756,0,98,87878,55,Artist,1,6,85+
758,0,83,118110,26,Engineer,1,5,75-84
760,0,46,62628,64,Entertainment,8,6,45-54
761,0,25,51700,17,Healthcare,4,6,18-24
763,1,64,93000,67,Lawyer,0,2,55-64
764,0,84,144148,71,Doctor,1,4,75-84
766,0,56,171560,78,Engineer,0,2,55-64
767,1,58,156366,60,Entertainment,8,1,55-64
769,0,25,106569,84,Engineer,1,3,18-24
770,1,28,173009,25,Healthcare,9,6,25-34
771,1,78,54252,29,Engineer,0,5,75-84
772,1,56,104600,57,Entertainment,6,3,55-64
773,1,91,50250,54,Artist,0,2,85+
774,1,77,93242,84,Entertainment,0,7,75-84
775,0,83,156839,38,Artist,3,7,75-84
776,0,64,71305,39,Artist,9,2,55-64
777,1,19,85975,73,Entertainment,0,6,18-24
778,1,94,188107,52,Engineer,10,2,85+
779,1,19,82333,35,Marketing,1,2,18-24
780,1,84,125016,25,Entertainment,1,7,75-84
782,0,19,58217,70,Artist,0,1,18-24
783,1,74,76521,29,Engineer,7,4,65-74
784,0,95,117763,42,Artist,1,2,85+
785,0,34,115184,93,Homemaker,1,4,25-34
786,1,30,54251,7,Artist,2,6,25-34
787,0,53,112530,24,Entertainment,2,6,45-54
788,1,67,107409,2,Artist,1,6,65-74
789,0,23,84793,23,Homemaker,9,6,18-24
790,0,25,66952,79,Entertainment,1,2,18-24
791,0,84,153465,11,Lawyer,1,4,75-84
793,1,70,152069,42,Entertainment,4,4,65-74
794,0,56,132860,17,Healthcare,7,2,55-64
796,0,91,172915,29,Doctor,9,1,85+
797,0,81,148594,29,Entertainment,3,5,75-84
798,1,33,61986,77,Executive,0,1,25-34
799,1,75,91456,13,Artist,1,4,65-74
801,0,61,140516,50,Artist,0,3,55-64
802,1,81,148208,36,Artist,5,7,75-84
803,0,62,133822,78,Marketing,0,4,55-64
804,0,44,175424,32,Artist,4,5,35-44
805,0,67,121528,92,Healthcare,8,4,65-74
806,0,30,189369,69,Healthcare,0,3,25-34
807,0,92,80808,26,Artist,1,1,85+
808,1,25,57535,84,Entertainment,1,7,18-24
809,0,61,163509,51,Healthcare,0,4,55-64
810,0,72,75884,57,Executive,0,7,65-74
811,0,89,157759,52,Artist,1,6,85+
812,0,37,184813,44,Executive,0,2,35-44
813,1,59,187253,51,Executive,8,7,55-64
814,1,41,81718,36,Entertainment,1,3,35-44
815,1,60,150019,37,Doctor,1,2,55-64
816,0,81,53452,73,Entertainment,1,6,75-84
817,1,85,150765,42,Homemaker,8,2,75-84
818,0,91,154456,71,Artist,0,7,85+
819,0,65,56647,12,Doctor,6,4,55-64
820,0,19,117477,48,Healthcare,6,7,18-24
821,0,78,79677,9,Artist,10,7,75-84
823,1,26,180702,21,Entertainment,6,1,25-34
825,0,60,169346,55,Healthcare,7,2,55-64
826,0,67,93176,25,Artist,4,1,65-74
829,1,28,81545,36,Artist,4,7,25-34
830,1,67,67372,75,Artist,0,7,65-74
831,0,30,109703,61,Executive,1,1,25-34
832,1,38,166697,39,Marketing,13,4,35-44
833,0,40,124982,34,Engineer,1,7,35-44
836,0,51,117620,60,Healthcare,7,6,45-54
837,1,63,85351,57,Healthcare,0,2,55-64
838,1,65,174432,8,Artist,0,7,55-64
839,1,44,70787,68,Doctor,1,3,35-44
840,0,90,75473,63,Healthcare,0,7,85+
841,1,76,90082,49,Healthcare,1,6,75-84
842,0,62,185388,54,Healthcare,0,2,55-64
844,0,67,184628,38,Artist,12,2,65-74
845,0,38,176551,45,Healthcare,8,1,35-44
846,0,31,76422,21,Healthcare,9,7,25-34
848,0,82,109188,38,Lawyer,5,7,75-84
849,0,66,132951,26,Healthcare,4,1,65-74
850,0,75,164598,32,Healthcare,8,1,65-74
851,1,69,186655,32,Artist,7,2,65-74
852,0,62,111859,86,Healthcare,6,1,55-64
855,0,22,131748,23,Artist,1,3,18-24
856,1,76,142801,23,Lawyer,0,1,75-84
857,1,85,142723,46,Engineer,0,6,75-84
858,1,21,155151,16,Marketing,14,3,18-24
859,0,64,153607,48,Healthcare,1,4,55-64
860,1,94,144192,34,Healthcare,0,3,85+
861,0,83,174159,22,Lawyer,4,4,75-84
862,0,93,73642,50,Marketing,0,3,85+
865,0,79,167411,9,Marketing,12,5,75-84
866,1,90,58289,49,Artist,5,6,85+
867,0,45,79801,77,Doctor,0,2,35-44
868,0,82,146118,52,Marketing,8,7,75-84
869,0,57,57337,14,Healthcare,1,4,55-64
870,0,43,113575,6,Entertainment,1,2,35-44
871,1,63,122658,65,Engineer,6,2,55-64
872,0,62,151836,13,Artist,0,6,55-64
873,0,43,185900,80,Homemaker,9,4,35-44
874,0,34,94029,98,Healthcare,1,4,25-34
875,0,30,157290,22,Artist,2,2,25-34
876,1,97,175996,42,Entertainment,10,4,85+
877,1,68,102016,37,Artist,0,4,65-74
880,1,25,128258,48,Executive,0,2,18-24
881,0,29,62475,24,Artist,6,4,25-34
882,0,85,82854,75,Artist,6,4,75-84
883,0,30,59284,38,Doctor,7,7,25-34
885,0,88,171362,90,Executive,6,4,85+
887,0,95,76646,61,Artist,0,1,85+
888,0,92,78308,66,Executive,5,2,85+
889,0,63,78971,89,Engineer,1,2,55-64
890,0,75,65528,73,Marketing,1,5,65-74
891,1,67,94199,71,Artist,5,7,65-74
892,0,58,135705,48,Engineer,8,7,55-64
893,1,52,130573,31,Entertainment,8,3,45-54
894,0,85,152303,68,Artist,1,5,75-84
895,0,31,144582,89,Doctor,1,1,25-34
896,0,84,93288,60,Artist,10,6,75-84
897,0,93,88192,3,Marketing,10,2,85+
898,1,18,62362,81,Lawyer,7,3,
899,1,73,74350,39,Lawyer,10,1,65-74
902,1,53,160980,62,Doctor,4,2,45-54
903,0,75,102904,28,Artist,7,6,65-74
905,0,47,157661,57,Healthcare,6,6,45-54
906,0,66,118385,8,Healthcare,10,3,65-74
910,0,52,167214,94,Homemaker,8,7,45-54
911,1,21,69644,19,Artist,5,1,18-24
912,0,19,120215,46,Homemaker,7,2,18-24
913,0,29,180401,23,Engineer,7,6,25-34
914,0,40,113739,93,Artist,5,7,35-44
915,1,76,111717,41,Healthcare,1,2,75-84
916,1,91,62808,20,Engineer,0,4,85+
917,0,24,67582,13,Artist,1,3,18-24
919,1,90,89667,69,Artist,0,2,85+
920,0,56,98980,65,Engineer,0,1,55-64
922,1,52,189091,12,Artist,0,6,45-54
924,1,30,106314,16,Artist,0,7,25-34
925,0,70,62901,60,Artist,8,5,65-74
927,0,95,72068,97,Healthcare,0,6,85+
928,1,25,81367,87,Artist,0,3,18-24
929,0,95,118575,10,Entertainment,1,3,85+
931,1,82,114776,55,Entertainment,10,3,75-84
933,1,51,162072,86,Engineer,1,1,45-54
934,1,63,172872,11,Healthcare,0,7,55-64
935,0,30,182162,6,Artist,1,3,25-34
936,0,68,71467,81,Artist,5,7,65-74
937,0,21,85568,1,Healthcare,0,6,18-24
938,0,99,56851,72,Entertainment,6,3,85+
940,0,80,67781,1,Entertainment,4,4,75-84
941,0,51,70152,29,Healthcare,0,2,45-54
942,1,18,185861,82,Artist,3,6,
943,1,43,162595,17,Artist,3,3,35-44
944,0,29,80098,54,Lawyer,10,6,25-34
945,0,20,184801,8,Lawyer,1,1,18-24
946,0,39,58908,37,Artist,6,6,35-44
948,0,45,135174,39,Artist,9,4,35-44
949,0,65,114244,64,Artist,0,1,55-64
950,0,64,157207,52,Healthcare,0,4,55-64
951,0,81,128834,23,Entertainment,5,4,75-84
952,1,54,51166,24,Entertainment,0,7,45-54
953,0,32,130118,36,Artist,0,4,25-34
954,1,29,87014,71,Doctor,11,4,25-34
955,0,25,111379,93,Artist,0,2,18-24
957,0,55,90558,49,Healthcare,8,2,45-54
959,0,81,111174,48,Entertainment,9,6,75-84
960,1,87,64461,63,Engineer,4,4,85+
962,1,91,189357,4,Lawyer,7,1,85+
963,0,63,120955,79,Artist,6,1,55-64
964,0,97,168898,54,Homemaker,8,7,85+
965,1,89,130431,52,Healthcare,6,3,85+
966,1,59,161091,56,Engineer,9,1,55-64
967,0,26,69988,2,Homemaker,5,4,25-34
969,1,32,186897,49,Healthcare,1,7,25-34
970,0,98,109061,41,Engineer,6,1,85+
971,1,31,188620,30,Artist,3,6,25-34
972,0,59,108675,57,Artist,4,5,55-64
973,0,80,177601,34,Entertainment,0,2,75-84
975,1,80,95929,23,Engineer,0,2,75-84
976,1,59,97185,87,Entertainment,0,5,55-64
977,0,56,103838,17,Artist,1,2,55-64
978,1,18,129260,11,Doctor,1,3,
979,0,66,151184,19,Artist,1,4,65-74
980,0,67,177512,62,Engineer,2,3,65-74
981,1,39,140099,51,Lawyer,0,7,35-44
982,1,23,67535,97,Healthcare,7,6,18-24
983,1,47,133236,61,Executive,1,6,45-54
984,0,41,87975,5,Homemaker,9,7,35-44
985,0,40,164350,23,Healthcare,0,5,35-44
986,1,36,55109,53,Artist,8,3,35-44
988,0,60,185306,47,Entertainment,0,2,55-64
989,0,24,154787,84,Executive,3,5,18-24
991,0,92,114571,51,Executive,1,3,85+
992,1,32,130697,93,Artist,1,2,25-34
993,1,39,115916,24,Doctor,13,6,35-44
994,0,50,69814,53,Artist,9,2,45-54
995,0,85,118161,74,Engineer,0,4,75-84
996,1,65,56583,65,Healthcare,2,3,55-64
998,0,31,171825,22,Entertainment,10,4,25-34
999,1,24,77976,95,Artist,11,3,18-24
1000,1,97,66312,75,Entertainment,0,1,85+
1001,0,92,81839,11,Entertainment,0,4,85+
1002,0,80,55712,5,Artist,5,6,75-84
1003,1,33,158335,45,Healthcare,2,5,25-34
1005,1,67,119625,3,Healthcare,4,4,65-74
1007,0,61,101007,60,Lawyer,0,6,55-64
1008,1,83,87529,49,Artist,9,7,75-84
1010,1,69,61637,67,Artist,0,5,65-74
1012,0,80,125623,62,Executive,0,4,75-84
1013,0,85,104054,22,Artist,8,4,75-84
1014,1,88,83535,56,Artist,1,5,85+
1015,0,76,166245,13,Executive,7,3,75-84
1016,0,32,100890,60,Entertainment,4,4,25-34
1017,0,99,55972,83,Entertainment,1,7,85+
1018,0,85,134282,39,Artist,2,5,75-84
1019,0,25,106669,22,Lawyer,1,7,18-24
1020,0,99,145777,94,Executive,1,5,85+
1021,1,41,119259,91,Healthcare,1,5,35-44
1023,0,45,55472,51,Healthcare,1,3,35-44
1024,1,55,99423,82,Healthcare,0,5,45-54
1025,0,20,146221,25,Marketing,0,3,18-24
1026,0,33,84238,31,Artist,1,2,25-34
1027,1,92,57032,75,Entertainment,1,5,85+
1028,1,93,88811,52,Engineer,0,4,85+
1029,1,60,167420,38,Artist,5,2,55-64
1030,1,38,101846,17,Doctor,3,2,35-44
1032,1,74,147449,16,Artist,1,5,65-74
1033,0,47,83043,76,Executive,0,1,45-54
1034,0,96,168990,81,Doctor,9,5,85+
1035,1,97,73867,65,Healthcare,4,5,85+
1036,0,35,165772,51,Healthcare,1,4,25-34
1037,0,19,178217,38,Marketing,0,3,18-24
1038,1,60,162612,98,Engineer,1,6,55-64
1039,1,37,99872,53,Entertainment,11,3,35-44
1040,0,49,142566,77,Artist,1,7,45-54
1042,1,43,187841,38,Artist,1,4,35-44
1043,0,46,171921,50,Artist,1,6,45-54
1044,0,65,115299,87,Artist,6,3,55-64
1045,1,75,94129,27,Healthcare,6,7,65-74
1046,1,40,172378,39,Entertainment,5,6,35-44
1047,1,28,146597,31,Engineer,1,4,25-34
1048,0,78,64057,44,Doctor,0,3,75-84
1049,0,22,163585,49,Artist,9,5,18-24
1051,1,46,149764,1,Entertainment,0,6,45-54
1053,0,46,109346,37,Entertainment,1,2,45-54
1054,0,72,111587,99,Artist,7,4,65-74
1055,0,38,166644,66,Artist,8,6,35-44
1056,0,50,181270,56,Artist,1,1,45-54
1057,1,47,65207,81,Healthcare,1,2,45-54
1058,0,72,112146,21,Homemaker,8,4,65-74
1060,0,34,139009,24,Artist,0,4,25-34
1061,0,53,67916,82,Healthcare,0,6,45-54
1062,0,82,99983,88,Executive,0,1,75-84
1063,1,63,131122,40,Artist,9,6,55-64
1064,0,58,173190,37,Doctor,9,4,55-64
1065,1,23,122712,21,Marketing,1,1,18-24
1066,0,80,55792,30,Artist,1,6,75-84
1067,1,45,73892,45,Doctor,1,4,35-44
1068,0,30,78821,46,Artist,1,4,25-34
1069,0,84,152475,12,Artist,0,7,75-84
1070,1,45,152226,87,Artist,4,4,35-44
1071,1,85,117679,18,Entertainment,1,3,75-84
1072,1,23,146473,87,Artist,1,4,18-24
1073,1,79,66051,75,Healthcare,1,7,75-84
1074,1,47,162332,72,Entertainment,1,5,45-54
1075,0,93,166018,71,Doctor,0,3,85+
1076,0,95,67398,81,Entertainment,2,5,85+
1077,1,44,73760,70,Entertainment,1,6,35-44
1078,1,95,167578,66,Entertainment,0,1,85+
1079,1,28,130267,45,Engineer,8,4,25-34
1080,1,91,94846,95,Engineer,0,5,85+
1081,0,81,155396,1,Engineer,9,5,75-84
1082,0,90,138013,16,Artist,8,7,85+
1083,1,79,148286,77,Entertainment,0,4,75-84
1085,0,38,52884,24,Lawyer,1,1,35-44
1086,1,87,153230,15,Healthcare,8,1,85+
1087,0,93,63261,13,Engineer,1,7,85+
1088,1,44,90167,84,Engineer,0,3,35-44
1090,0,84,53622,27,Artist,0,3,75-84
1092,0,41,94316,86,Artist,0,6,35-44
1093,1,87,141383,3,Artist,7,5,85+
1094,0,33,67874,55,Artist,0,2,25-34
1095,0,34,176554,62,Healthcare,1,2,25-34
1096,0,53,135341,56,Healthcare,10,2,45-54
1097,0,47,129019,57,Healthcare,0,3,45-54
1098,1,53,107879,3,Doctor,1,6,45-54
1099,1,92,79531,4,Artist,1,1,85+
1100,1,89,63379,59,Artist,12,7,85+
1101,0,27,156258,54,Entertainment,0,4,25-34
1102,1,70,67874,41,Entertainment,9,3,65-74
1103,0,86,159964,57,Engineer,5,6,85+
1104,0,99,103706,50,Entertainment,1,2,85+
1105,0,96,64713,84,Entertainment,2,7,85+
1106,0,65,90414,55,Artist,1,5,55-64
1107,0,82,171100,34,Executive,0,5,75-84
1108,1,36,187305,85,Engineer,6,7,35-44
1109,0,30,139758,46,Lawyer,0,6,25-34
1110,0,96,91226,56,Healthcare,0,5,85+
1111,0,69,143928,30,Engineer,9,7,65-74
1112,0,34,92366,14,Healthcare,0,6,25-34
1113,1,74,175041,25,Artist,4,1,65-74
1114,1,97,147301,93,Lawyer,1,5,85+
1115,1,56,119296,49,Engineer,0,7,55-64
1116,0,30,126306,44,Artist,0,1,25-34
1118,0,95,168663,16,Engineer,11,5,85+
1120,0,78,175179,43,Executive,9,4,75-84
1121,0,54,165019,12,Entertainment,1,2,45-54
1122,0,85,68212,26,Healthcare,7,4,75-84
1124,0,85,92591,99,Artist,8,2,75-84
1125,0,41,69730,97,Artist,1,4,35-44
1126,0,25,156793,57,Marketing,2,4,18-24
1127,0,74,56848,41,Artist,5,1,65-74
1129,1,62,150619,32,Artist,10,6,55-64
1130,1,52,100261,10,Artist,1,6,45-54
1131,0,36,109895,56,Healthcare,5,2,35-44
1133,0,84,133765,83,Artist,1,3,75-84
1134,0,99,57677,99,Lawyer,0,5,85+
1135,0,51,112358,27,Artist,0,6,45-54
1136,0,57,73845,52,Artist,1,7,55-64
1137,1,92,89531,42,Healthcare,6,2,85+
1138,1,29,118092,100,Entertainment,7,3,25-34
1139,1,62,144242,49,Entertainment,1,4,55-64
1140,0,43,140876,90,Entertainment,0,4,35-44
1141,1,72,76888,26,Marketing,0,1,65-74
1142,0,28,116644,88,Artist,6,3,25-34
1143,0,57,143021,3,Executive,5,4,55-64
1144,0,86,145679,91,Lawyer,9,6,85+
1145,0,26,64398,7,Lawyer,1,6,25-34
1148,0,89,122707,64,Homemaker,2,3,85+
1149,0,91,51733,96,Healthcare,0,5,85+
1150,0,67,138087,63,Marketing,1,7,65-74
1151,1,63,147278,51,Lawyer,0,4,55-64
1152,0,90,187339,62,Healthcare,0,6,85+
1153,0,87,129972,97,Executive,1,6,85+
1154,0,89,151176,55,Healthcare,1,2,85+
1155,0,34,74358,60,Artist,0,6,25-34
1156,1,89,83953,82,Healthcare,0,3,85+
1157,1,31,62925,24,Engineer,1,6,25-34
1158,1,55,65257,93,Doctor,2,3,45-54
1160,1,64,163783,84,Healthcare,3,1,55-64
1162,0,20,155951,21,Healthcare,7,4,18-24
1163,0,18,183071,29,Artist,7,4,
1164,0,83,124104,20,Healthcare,4,6,75-84
1165,0,21,136747,3,Healthcare,1,1,18-24
1166,1,19,189498,18,Artist,4,1,18-24
1167,0,74,76149,48,Artist,9,6,65-74
1168,0,44,185550,54,Artist,0,1,35-44
1169,0,52,119567,19,Artist,5,2,45-54
1172,0,80,90142,50,Lawyer,1,2,75-84
1173,0,82,184481,84,Executive,0,2,75-84
1174,0,32,66089,75,Artist,6,3,25-34
1176,1,61,52543,23,Executive,0,6,55-64
1177,1,57,50429,23,Artist,0,1,55-64
1178,1,95,178228,45,Engineer,1,2,85+
1179,0,38,161130,98,Artist,8,3,35-44
1180,1,70,87976,38,Lawyer,1,6,65-74
1181,0,40,179150,91,Artist,5,2,35-44
1182,0,92,163442,32,Executive,1,6,85+
1183,0,73,108159,18,Entertainment,8,7,65-74
1184,0,62,73419,14,Healthcare,0,1,55-64
1186,1,65,54431,93,Healthcare,1,7,55-64
1187,0,88,168437,81,Artist,2,2,85+
1188,0,55,71322,54,Entertainment,1,6,45-54
1189,0,99,122548,14,Artist,2,5,85+
1190,0,20,141428,32,Entertainment,1,5,18-24
1191,1,97,142214,32,Artist,7,4,85+
1192,0,93,62590,43,Artist,9,6,85+
1193,1,84,172523,83,Artist,6,2,75-84
1196,0,59,119833,38,Doctor,1,2,55-64
1197,0,54,70803,35,Entertainment,0,5,45-54
1198,1,82,139008,47,Artist,1,4,75-84
1199,1,83,126669,53,Artist,1,6,75-84
1200,1,87,122722,10,Executive,9,4,85+
1202,1,89,100155,5,Healthcare,6,1,85+
1203,0,32,110846,49,Artist,0,2,25-34
1205,0,54,117181,66,Doctor,12,5,45-54
1206,0,56,86898,76,Healthcare,0,6,55-64
1207,0,31,143241,81,Executive,4,7,25-34
1208,0,26,146028,33,Healthcare,0,5,25-34
1210,0,60,132486,9,Artist,1,2,55-64
1211,1,92,96424,74,Artist,8,5,85+
1212,0,93,151468,41,Artist,1,5,85+
1214,0,81,125316,81,Lawyer,0,6,75-84
1215,1,21,109373,22,Entertainment,4,2,18-24
1216,1,96,135042,12,Artist,0,7,85+
1217,0,78,59784,81,Artist,3,3,75-84
1218,1,86,140687,63,Artist,1,2,85+
1220,0,62,175534,44,Artist,1,6,55-64
1221,1,68,170957,6,Lawyer,1,3,65-74
1222,1,70,81197,76,Artist,0,4,65-74
1223,0,21,104888,8,Healthcare,0,4,18-24
1224,1,74,184838,18,Artist,8,5,65-74
1225,0,62,139588,66,Executive,0,2,55-64
1226,1,22,126543,45,Homemaker,0,3,18-24
1227,0,87,177260,45,Entertainment,14,2,85+
1228,1,44,156823,42,Healthcare,9,5,35-44
1229,0,27,183201,52,Engineer,8,6,25-34
1230,0,95,84925,46,Artist,4,6,85+
1231,1,89,69719,47,Artist,9,2,85+
1232,0,41,61355,13,Healthcare,1,3,35-44
1233,1,41,156014,49,Doctor,14,5,35-44
1234,1,21,184088,21,Entertainment,11,7,18-24
1235,0,59,158372,98,Artist,1,1,55-64
1236,0,64,135742,67,Healthcare,1,7,55-64
1237,0,38,145704,82,Marketing,0,4,35-44
1238,0,70,157307,23,Executive,4,3,65-74
1239,0,25,88064,73,Executive,1,5,18-24
1241,0,70,153821,8,Marketing,1,4,65-74
1242,1,29,170669,78,Doctor,9,5,25-34
1243,1,88,93555,13,Artist,3,3,85+
1244,0,20,101941,18,Healthcare,1,3,18-24
1245,0,58,78795,44,Engineer,0,6,55-64
1246,0,70,55875,94,Engineer,0,5,65-74
1247,0,44,177513,81,Lawyer,1,5,35-44
1248,0,87,100850,83,Doctor,0,3,85+
1250,0,96,85447,4,Artist,9,6,85+
1251,0,75,114213,33,Doctor,9,4,65-74
1254,1,58,105302,75,Doctor,0,3,55-64
1256,1,70,56432,23,Engineer,0,5,65-74
1257,0,49,136467,72,Healthcare,3,3,45-54
1258,1,60,189945,20,Engineer,0,5,55-64
1259,0,25,163966,48,Lawyer,1,5,18-24
1260,1,47,52152,17,Artist,0,3,45-54
1261,1,53,145720,62,Homemaker,12,7,45-54
1262,1,24,188034,61,Healthcare,1,5,18-24
1263,0,46,127911,3,Homemaker,9,2,45-54
1264,0,70,174114,31,Lawyer,1,1,65-74
1265,1,53,144489,10,Artist,14,3,45-54
1266,1,63,77440,47,Lawyer,0,5,55-64
1267,0,24,86119,44,Artist,1,6,18-24
1270,0,71,74696,41,Doctor,1,6,65-74
1271,1,23,65641,50,Entertainment,4,5,18-24
1274,0,72,152405,4,Artist,1,4,65-74
1275,1,18,157757,84,Doctor,0,4,
1277,0,95,67227,30,Artist,1,7,85+
1278,1,20,161156,88,Engineer,0,4,18-24
1279,0,58,170647,70,Healthcare,1,7,55-64
1280,0,67,161646,36,Healthcare,0,2,65-74
1281,1,43,98016,18,Healthcare,9,6,35-44
1282,1,36,50526,19,Artist,0,6,35-44
1284,0,35,97721,48,Engineer,0,7,25-34
1285,0,81,142013,81,Entertainment,3,4,75-84
1286,1,84,166737,76,Artist,0,3,75-84
1287,0,18,62651,13,Entertainment,0,2,
1288,0,54,179546,4,Homemaker,8,4,45-54
1289,0,98,51866,81,Artist,12,7,85+
1290,0,75,86297,42,Executive,9,4,65-74
1291,0,98,65031,23,Artist,0,4,85+
1292,1,94,69383,25,Entertainment,0,2,85+
1293,1,24,70733,63,Artist,5,3,18-24
1294,0,47,187898,89,Artist,6,2,45-54
1295,0,40,116001,55,Engineer,1,4,35-44
1296,1,68,87040,4,Artist,9,1,65-74
1297,0,18,180956,74,Artist,2,2,
1298,0,83,115517,82,Healthcare,0,6,75-84
1299,1,34,76979,46,Lawyer,1,3,25-34
1300,1,81,50798,56,Artist,10,5,75-84
1301,0,61,146350,43,Artist,1,3,55-64
1302,0,77,81112,61,Healthcare,5,3,75-84
1303,1,52,80605,20,Doctor,1,6,45-54
1304,1,40,171949,11,Doctor,1,6,35-44
1305,1,93,159006,26,Artist,8,6,85+
1306,0,45,177368,96,Healthcare,1,2,35-44
1307,0,83,187643,3,Artist,1,1,75-84
1308,1,23,93841,25,Lawyer,0,7,18-24
1310,1,79,146130,20,Entertainment,6,6,75-84
1311,1,80,84471,79,Doctor,1,5,75-84
1312,0,35,144485,15,Entertainment,0,4,25-34
1313,0,39,158638,78,Healthcare,2,5,35-44
1315,0,83,129507,93,Healthcare,4,7,75-84
1316,0,94,114510,39,Healthcare,0,4,85+
1317,0,33,109396,17,Artist,1,2,25-34
1319,0,77,66256,13,Lawyer,1,2,75-84
1320,0,48,118285,69,Doctor,8,4,45-54
1321,1,97,128723,58,Artist,4,5,85+
1322,0,28,178285,91,Artist,4,7,25-34
1323,0,99,144176,74,Marketing,7,2,85+
1324,1,27,82474,31,Artist,9,3,25-34
1325,0,95,159010,84,Lawyer,6,2,85+
1327,1,18,77873,49,Executive,6,5,
1328,1,42,53392,89,Artist,6,4,35-44
1329,1,50,168898,41,Artist,9,7,45-54
1330,1,86,128917,7,Homemaker,5,5,85+
1331,1,69,185067,49,Lawyer,5,4,65-74
1332,1,23,132183,76,Artist,10,3,18-24
1333,0,82,82060,46,Healthcare,7,1,75-84
1334,0,97,133614,58,Artist,7,4,85+
1335,1,42,94844,64,Artist,7,6,35-44
1336,0,75,76474,5,Doctor,5,5,65-74
1340,0,45,125677,36,Entertainment,5,2,35-44
1341,0,23,127971,56,Artist,1,5,18-24
1342,1,38,76103,62,Executive,9,3,35-44
1343,0,45,114741,96,Artist,0,5,35-44
1344,0,82,157994,92,Artist,1,1,75-84
1345,1,73,93786,44,Entertainment,3,1,65-74
1346,1,36,75178,41,Entertainment,1,7,35-44
1348,0,96,99263,100,Healthcare,8,1,85+
1349,0,83,52590,3,Healthcare,0,4,75-84
1350,1,33,170959,75,Artist,0,4,25-34
1351,1,68,135076,60,Engineer,1,5,65-74
1352,1,88,167112,34,Lawyer,0,1,85+
1353,0,87,184639,12,Doctor,1,6,85+
1354,0,88,172369,80,Artist,6,6,85+
1355,0,43,124256,67,Marketing,1,7,35-44
1356,0,64,89972,92,Artist,10,6,55-64
1357,1,96,67799,42,Entertainment,1,6,85+
1358,0,72,176074,70,Doctor,1,7,65-74
1359,1,48,167517,27,Artist,2,7,45-54
1360,0,64,77914,11,Artist,1,6,55-64
1362,0,52,86365,70,Engineer,1,7,45-54
1364,0,44,131091,62,Artist,4,1,35-44
1366,0,50,117076,45,Doctor,1,2,45-54
1367,1,53,150925,1,Healthcare,1,2,45-54
1368,0,31,149379,100,Lawyer,0,3,25-34
1369,0,31,138644,94,Engineer,4,3,25-34
1370,1,97,148493,42,Doctor,4,7,85+
1371,1,27,84658,66,Lawyer,4,6,25-34
1373,1,81,108759,60,Artist,7,6,75-84
1374,1,64,186203,73,Artist,10,5,55-64
1376,0,78,132983,67,Healthcare,7,7,75-84
1377,1,72,149092,39,Engineer,8,1,65-74
1378,1,36,163845,84,Doctor,5,7,35-44
1379,1,97,117777,67,Artist,5,5,85+
1380,1,88,131584,18,Artist,7,3,85+
1381,0,21,123904,91,Artist,7,5,18-24
1382,0,62,89801,88,Artist,5,4,55-64
1383,1,73,173466,57,Entertainment,10,5,65-74
1384,0,34,55690,4,Marketing,4,6,25-34
1385,0,50,104467,72,Artist,5,1,45-54
1386,1,39,100419,19,Artist,5,4,35-44
1387,0,82,62951,47,Lawyer,8,2,75-84
1388,1,39,118554,1,Lawyer,4,6,35-44
1390,0,68,75561,87,Healthcare,5,3,65-74
1391,0,77,147306,50,Healthcare,6,6,75-84
1392,0,35,111871,30,Doctor,10,1,25-34
1394,0,47,121267,58,Engineer,1,1,45-54
1395,0,48,151519,93,Artist,7,2,45-54
1396,0,34,105448,40,Artist,0,5,25-34
1397,0,20,92048,91,Healthcare,1,1,18-24
1398,1,61,99980,94,Healthcare,10,1,55-64
1401,0,52,82478,95,Executive,10,1,45-54
1402,1,99,139685,20,Healthcare,1,4,85+
1403,0,84,182374,62,Entertainment,0,6,75-84
1404,0,58,119366,94,Engineer,4,2,55-64
1405,0,91,53788,57,Doctor,0,2,85+
1407,0,67,118348,94,Engineer,1,7,65-74
1408,1,56,137428,87,Artist,0,2,55-64
1409,0,62,106982,53,Entertainment,1,7,55-64
1411,0,38,120825,24,Executive,9,7,35-44
1412,0,51,58006,83,Executive,1,5,45-54
1413,1,20,106941,73,Artist,1,1,18-24
1414,1,43,129782,31,Entertainment,1,2,35-44
1415,1,93,121513,90,Engineer,0,6,85+
1416,0,54,79925,30,Healthcare,0,3,45-54
1417,1,23,112089,74,Healthcare,7,7,18-24
1419,0,64,146794,90,Healthcare,8,3,55-64
1420,0,55,75033,30,Engineer,5,5,45-54
1421,0,85,149969,78,Executive,0,6,75-84
1422,0,20,124852,39,Healthcare,5,5,18-24
1423,1,73,154837,42,Executive,8,4,65-74
1424,0,53,145678,55,Executive,0,1,45-54
1426,0,50,136660,48,Entertainment,1,3,45-54
1428,1,37,62893,29,Executive,1,5,35-44
1429,1,78,163514,89,Doctor,9,2,75-84
1430,1,29,145934,40,Marketing,10,2,25-34
1431,0,54,119223,58,Lawyer,10,7,45-54
1432,1,89,127479,18,Doctor,10,2,85+
1433,0,25,136146,98,Artist,6,6,18-24
1436,0,18,82812,1,Artist,6,2,
1437,1,74,51260,43,Entertainment,5,5,65-74
1438,1,21,159572,42,Healthcare,5,5,18-24
1440,0,49,176954,57,Artist,5,6,45-54
1441,1,58,85908,99,Artist,5,4,55-64
1443,0,55,123045,56,Engineer,7,3,45-54
1444,0,31,161211,10,Lawyer,9,1,25-34
1445,0,59,81702,27,Marketing,6,4,55-64
1446,0,25,173043,3,Artist,8,6,18-24
1447,1,63,126380,90,Artist,6,1,55-64
1448,0,60,128205,27,Healthcare,6,5,55-64
1449,0,41,181355,73,Artist,10,3,35-44
1450,0,84,97931,70,Healthcare,9,7,75-84
1451,1,72,146432,25,Artist,6,1,65-74
1452,0,97,125731,41,Artist,6,4,85+
1453,0,43,132701,70,Healthcare,5,2,35-44
1454,0,63,116095,8,Artist,5,1,55-64
1456,1,54,136417,45,Healthcare,9,6,45-54
1457,1,27,80783,82,Artist,9,3,25-34
1458,1,28,182580,60,Executive,6,6,25-34
1459,0,84,143567,48,Artist,7,2,75-84
1460,1,71,85908,85,Entertainment,5,4,65-74
1461,0,88,139806,99,Entertainment,4,4,85+
1462,0,75,77269,24,Artist,8,1,65-74
1463,0,96,105968,65,Engineer,4,5,85+
1464,0,83,125660,19,Engineer,10,4,75-84
1465,0,86,98444,76,Entertainment,7,4,85+
1466,1,60,179503,9,Artist,4,3,55-64
1468,0,65,75685,19,Marketing,7,3,55-64
1469,0,49,85374,45,Artist,8,5,45-54
1470,0,78,128642,19,Marketing,5,6,75-84
1471,1,25,182292,78,Artist,7,5,18-24
1473,0,58,127833,2,Artist,7,7,55-64
1474,0,80,178866,97,Artist,8,4,75-84
1475,0,94,183643,51,Artist,5,5,85+
1476,1,62,113306,4,Executive,5,6,55-64
1477,1,20,84008,77,Artist,8,4,18-24
1478,1,85,85758,35,Lawyer,10,4,75-84
1479,0,72,63128,45,Engineer,8,7,65-74
1480,1,95,70174,6,Executive,10,6,85+
1481,0,97,170133,42,Engineer,5,5,85+
1482,0,25,165978,42,Artist,7,3,18-24
1484,0,19,147052,86,Artist,9,4,18-24
1485,0,59,113389,79,Doctor,4,6,55-64
1486,1,30,111690,73,Entertainment,10,4,25-34
1487,0,63,184830,60,Doctor,9,3,55-64
1488,0,23,91549,23,Artist,4,3,18-24
1489,0,97,94629,17,Marketing,6,3,85+
1490,0,97,167558,99,Artist,4,7,85+
1491,1,94,119189,57,Artist,9,3,85+
1492,0,28,96207,67,Artist,5,5,25-34
1493,1,21,85339,6,Doctor,4,7,18-24
1494,0,25,111942,7,Artist,5,5,18-24
1495,0,48,157003,45,Engineer,5,4,45-54
1496,0,53,117123,23,Artist,9,7,45-54
1497,0,97,172747,76,Artist,7,2,85+
1498,1,33,157358,52,Healthcare,7,4,25-34
1500,1,72,166043,93,Doctor,7,6,65-74
1501,1,40,67768,15,Doctor,10,6,35-44
1502,1,34,171353,34,Doctor,8,4,25-34
1503,0,63,116971,76,Executive,7,5,55-64
1504,0,85,97822,38,Doctor,5,3,75-84
1505,0,86,117203,83,Healthcare,10,3,85+
1506,0,63,88720,100,Artist,10,1,55-64
1508,0,76,139447,36,Artist,8,7,75-84
1509,1,19,179269,93,Entertainment,6,3,18-24
1510,0,84,136254,90,Engineer,5,6,75-84
1511,1,38,174594,56,Executive,8,2,35-44
1513,0,30,73107,48,Artist,9,1,25-34
1514,0,86,98344,25,Artist,6,6,85+
1515,1,21,163509,21,Healthcare,10,1,18-24
1517,0,87,95853,53,Healthcare,9,1,85+
1518,1,40,156411,70,Artist,6,5,35-44
1520,0,63,106691,79,Healthcare,9,3,55-64
1521,1,26,144832,42,Artist,5,3,25-34
1522,1,29,132297,53,Entertainment,8,1,25-34
1524,1,28,157383,13,Lawyer,8,2,25-34
1525,0,99,150782,18,Executive,8,2,85+
1526,1,69,143987,87,Healthcare,10,5,65-74
1528,1,73,104826,36,Healthcare,5,1,65-74
1530,0,42,152547,56,Artist,7,4,35-44
1531,1,43,85347,9,Doctor,1,1,35-44
1532,0,79,122828,32,Executive,0,5,75-84
1533,1,18,107794,17,Engineer,0,5,
1534,1,39,152566,11,Entertainment,1,7,35-44
1535,0,41,91715,99,Entertainment,0,3,35-44
1536,0,60,99222,48,Artist,1,6,55-64
1537,0,39,70280,99,Engineer,0,4,35-44
1538,0,90,70030,86,Healthcare,1,2,85+
1539,0,83,102083,24,Artist,1,1,75-84
1540,0,92,166163,87,Engineer,8,5,85+
1542,1,50,187545,61,Executive,4,6,45-54
1543,1,90,182910,86,Entertainment,0,1,85+
1545,0,27,115438,37,Artist,0,6,25-34
1546,0,93,93964,80,Artist,4,2,85+
1547,0,61,180341,75,Healthcare,1,3,55-64
1548,0,91,107323,1,Engineer,7,7,85+
1549,0,79,119435,55,Entertainment,0,7,75-84
1550,0,80,68341,22,Artist,13,6,75-84
1553,0,34,100621,3,Healthcare,1,1,25-34
1556,1,96,172039,51,Lawyer,0,6,85+
1557,0,48,70844,22,Entertainment,0,3,45-54
1558,1,25,100964,96,Marketing,1,6,18-24
1559,0,98,128037,39,Entertainment,6,2,85+
1560,1,84,97081,75,Marketing,1,3,75-84
1561,1,88,92247,47,Marketing,0,6,85+
1562,1,86,129914,92,Artist,1,3,85+
1564,0,56,138864,93,Artist,0,5,55-64
1567,0,73,68161,23,Doctor,1,2,65-74
1568,0,38,181108,32,Homemaker,1,1,35-44
1569,1,37,87764,59,Engineer,9,7,35-44
1570,0,41,102543,54,Artist,7,3,35-44
1571,1,94,139417,13,Artist,1,3,85+
1572,0,57,81802,29,Homemaker,9,1,55-64
1573,0,96,102788,51,Artist,0,1,85+
1574,0,59,163179,19,Healthcare,1,7,55-64
1575,1,87,71318,22,Healthcare,1,3,85+
1576,1,55,63683,34,Healthcare,3,1,45-54
1578,1,82,121610,36,Artist,0,5,75-84
1579,0,83,150682,25,Artist,1,1,75-84
1580,0,96,124550,46,Marketing,0,3,85+
1581,1,55,148875,99,Artist,0,4,45-54
1583,1,33,109223,43,Engineer,1,5,25-34
1585,0,27,101948,31,Artist,0,5,25-34
1586,1,72,143169,58,Engineer,0,4,65-74
1588,0,19,181795,59,Healthcare,3,5,18-24
1589,0,48,186445,41,Engineer,0,1,45-54
1590,0,58,102205,24,Artist,1,1,55-64
1591,0,21,52326,69,Healthcare,0,2,18-24
1592,1,91,82992,5,Entertainment,1,5,85+
1593,1,44,145520,55,Homemaker,1,7,35-44
1594,0,80,104820,96,Artist,2,4,75-84
1595,0,28,69025,79,Entertainment,0,2,25-34
1596,1,74,164976,89,Entertainment,0,4,65-74
1597,0,79,178576,51,Executive,5,5,75-84
1598,0,42,72415,52,Marketing,0,5,35-44
1599,1,80,112146,24,Entertainment,0,3,75-84
1601,0,24,51661,79,Entertainment,0,7,18-24
1602,0,71,152910,90,Artist,1,6,65-74
1605,1,30,173096,92,Healthcare,0,3,25-34
1606,0,52,121172,97,Healthcare,5,4,45-54
1607,0,34,56492,15,Homemaker,8,1,25-34
1608,1,64,156422,39,Entertainment,1,7,55-64
1610,1,71,118096,36,Lawyer,0,3,65-74
1611,1,87,149685,30,Executive,9,6,85+
1612,0,68,89765,28,Artist,0,7,65-74
1614,1,24,64738,67,Artist,0,6,18-24
1616,0,53,146877,47,Healthcare,4,3,45-54
1617,0,39,62935,60,Artist,0,7,35-44
1619,0,64,115754,35,Engineer,1,3,55-64
1620,0,41,186470,21,Artist,0,7,35-44
1622,0,94,86172,55,Artist,4,4,85+
1623,0,40,184222,17,Healthcare,0,2,35-44
1624,1,81,71543,1,Entertainment,1,4,75-84
1625,0,18,174836,63,Healthcare,0,4,
1626,0,78,130706,72,Artist,3,6,75-84
1628,1,64,130055,46,Healthcare,2,1,55-64
1629,1,45,88707,81,Healthcare,0,5,35-44
1630,1,99,162762,52,Healthcare,1,1,85+
1631,1,59,154821,77,Doctor,0,2,55-64
1632,1,53,57248,66,Lawyer,5,5,45-54
1633,0,66,99902,54,Engineer,10,2,65-74
1635,1,73,97455,55,Artist,6,4,65-74
1636,0,34,93866,43,Entertainment,9,2,25-34
1638,1,73,172011,9,Doctor,1,5,65-74
1639,1,90,68138,18,Healthcare,2,7,85+
1640,0,32,123246,100,Homemaker,8,6,25-34
1641,0,47,124194,32,Doctor,1,7,45-54
1643,0,78,91213,84,Lawyer,3,5,75-84
1644,0,83,166650,99,Healthcare,1,3,75-84
1646,1,75,126469,86,Entertainment,1,2,65-74
1647,1,45,138775,17,Executive,0,7,35-44
1648,0,49,68901,70,Doctor,7,7,45-54
1649,0,41,118621,7,Homemaker,0,7,35-44
1650,1,34,109263,77,Entertainment,0,1,25-34
1651,1,82,150012,83,Healthcare,3,6,75-84
1652,1,37,133850,85,Marketing,9,3,35-44
1653,0,25,81640,95,Entertainment,1,6,18-24
1654,0,52,133214,1,Marketing,9,7,45-54
1655,0,23,186723,42,Entertainment,8,5,18-24
1656,0,96,92100,23,Artist,9,3,85+
1658,0,47,69024,3,Healthcare,4,5,45-54
1659,1,81,171194,55,Artist,0,5,75-84
1662,0,35,164435,26,Lawyer,1,3,25-34
1663,1,67,172407,60,Doctor,9,3,65-74
1665,1,82,186130,61,Lawyer,3,7,75-84
1667,1,95,137206,4,Artist,0,4,85+
1669,0,99,174275,4,Healthcare,0,2,85+
1670,1,96,97705,41,Homemaker,8,2,85+
1671,1,92,188984,69,Lawyer,1,4,85+
1672,1,24,119238,55,Artist,1,3,18-24
1673,1,58,87923,19,Entertainment,0,5,55-64
1676,0,51,135164,75,Artist,9,3,45-54
1679,1,67,89366,55,Healthcare,9,3,65-74
1680,1,58,95172,77,Healthcare,1,5,55-64
1681,0,55,95975,49,Executive,0,1,45-54
1682,0,52,165573,59,Healthcare,0,7,45-54
1683,1,83,180887,59,Entertainment,1,1,75-84
1684,0,83,142720,86,Executive,0,1,75-84
1685,0,90,113460,54,Lawyer,1,7,85+
1686,1,87,110434,20,Artist,7,3,85+
1687,0,67,146016,38,Artist,1,6,65-74
1688,1,81,101073,67,Executive,0,7,75-84
1689,0,36,62617,10,Artist,9,3,35-44
1690,0,51,96028,37,Artist,0,5,45-54
1691,0,31,186334,37,Artist,0,1,25-34
1692,0,57,163473,52,Artist,0,1,55-64
1693,1,83,89819,59,Artist,4,2,75-84
1694,0,51,69388,33,Engineer,3,4,45-54
1696,0,18,149915,94,Doctor,14,1,
1697,0,88,104098,48,Healthcare,1,6,85+
1698,1,70,80160,10,Artist,8,5,65-74
1702,1,55,103933,31,Executive,6,3,45-54
1703,0,69,85401,10,Entertainment,4,6,65-74
1704,0,18,53812,32,Homemaker,9,5,
1706,0,69,56398,75,Entertainment,8,3,65-74
1707,0,69,171118,91,Engineer,9,3,65-74
1708,1,69,79806,73,Healthcare,0,5,65-74
1709,0,89,150187,35,Healthcare,0,5,85+
1710,0,45,129455,14,Lawyer,0,3,35-44
1711,0,75,116813,72,Entertainment,10,6,65-74
1712,0,54,95734,39,Homemaker,8,7,45-54
1713,1,33,76654,48,Artist,4,1,25-34
1714,1,67,86289,96,Artist,1,5,65-74
1715,1,26,176147,19,Healthcare,0,1,25-34
1717,1,65,186673,51,Doctor,1,1,55-64
1718,0,94,131521,62,Artist,0,6,85+
1719,0,95,50223,15,Entertainment,8,1,85+
1720,0,48,74308,23,Entertainment,1,2,45-54
1721,0,41,155881,22,Lawyer,0,7,35-44
1722,0,92,168303,16,Executive,9,4,85+
1723,1,44,182748,58,Engineer,1,7,35-44
1724,0,35,52374,73,Artist,1,1,25-34
1725,0,34,86154,17,Doctor,1,2,25-34
1726,0,52,163612,51,Executive,0,5,45-54
1727,0,64,64756,17,Marketing,10,1,55-64
1728,1,62,185257,58,Artist,1,4,55-64
1729,1,58,78669,75,Artist,1,7,55-64
1731,0,65,92135,49,Homemaker,6,4,55-64
1732,1,20,103195,68,Doctor,0,7,18-24
1733,0,21,161663,36,Executive,1,7,18-24
1734,0,79,57039,34,Artist,2,6,75-84
1735,0,91,54754,4,Artist,0,2,85+
1736,0,92,136531,76,Engineer,1,4,85+
1737,1,62,120838,79,Artist,1,4,55-64
1738,1,94,127927,48,Doctor,0,4,85+
1740,0,53,145498,66,Artist,8,4,45-54
1742,0,92,152429,76,Entertainment,0,2,85+
1744,0,31,147447,23,Doctor,6,7,25-34
1745,0,93,74467,33,Lawyer,5,1,85+
1746,0,66,127410,37,Engineer,8,2,65-74
1747,1,49,91290,44,Healthcare,7,7,45-54
1748,0,64,92812,97,Artist,5,7,55-64
1749,0,27,170166,18,Artist,10,4,25-34
1750,0,33,150823,75,Artist,4,1,25-34
1751,1,79,95839,30,Executive,7,2,75-84
1753,0,22,153024,91,Artist,10,7,18-24
1756,1,81,141471,45,Artist,8,6,75-84
1757,1,69,76155,14,Healthcare,8,7,65-74
1759,0,61,139520,39,Artist,8,4,55-64
1760,1,62,182631,52,Artist,5,3,55-64
1761,0,95,177134,78,Healthcare,10,2,85+
1762,0,32,181703,54,Lawyer,6,2,25-34
1765,0,63,176783,40,Doctor,9,4,55-64
1766,1,75,59741,67,Artist,10,5,65-74
1767,0,43,156567,89,Engineer,7,6,35-44
1768,0,29,110309,21,Artist,6,2,25-34
1769,0,82,111077,55,Artist,9,7,75-84
1770,0,87,170333,96,Entertainment,4,2,85+
1771,1,66,183339,39,Artist,7,4,65-74
1772,0,99,84167,46,Artist,10,7,85+
1773,0,54,184815,50,Lawyer,6,3,45-54
1774,0,49,122556,74,Artist,9,7,45-54
1775,0,60,174768,66,Entertainment,9,2,55-64
1776,1,75,172309,82,Executive,4,1,65-74
1777,1,77,117920,4,Doctor,10,4,75-84
1778,1,34,134882,61,Artist,10,3,25-34
1779,0,63,77259,11,Lawyer,6,6,55-64
1780,1,38,170019,38,Artist,7,2,35-44
1781,0,68,176884,94,Engineer,10,2,65-74
1782,0,80,106709,93,Marketing,10,2,75-84
1784,0,86,90228,68,Engineer,7,5,85+
1786,1,56,131911,42,Healthcare,7,7,55-64
1789,0,58,51416,46,Artist,7,5,55-64
1792,0,55,106153,62,Artist,10,1,45-54
1794,0,22,101474,14,Homemaker,10,2,18-24
1796,0,70,57596,96,Artist,4,1,65-74
1797,0,67,78489,81,Artist,7,5,65-74
1798,1,50,112957,71,Executive,5,3,45-54
1799,1,72,82377,37,Engineer,9,2,65-74
1800,1,76,82315,53,Engineer,6,1,75-84
1801,1,80,93253,51,Artist,4,5,75-84
1802,1,20,189650,60,Lawyer,8,4,18-24
1803,0,89,114858,53,Artist,10,1,85+
1804,0,18,62151,18,Artist,8,2,
1805,0,75,135159,12,Engineer,7,6,65-74
1807,0,79,123064,41,Artist,10,4,75-84
1808,0,31,181773,40,Healthcare,8,1,25-34
1809,1,92,171794,65,Artist,6,5,85+
1811,1,94,65483,84,Marketing,10,7,85+
1812,0,35,145654,22,Executive,6,3,25-34
1813,0,68,91609,43,Entertainment,8,1,65-74
1814,0,29,53002,73,Lawyer,5,5,25-34
1815,1,87,115699,61,Healthcare,9,1,85+
1816,1,33,149609,44,Executive,9,2,25-34
1817,0,29,165254,7,Executive,9,7,25-34
1818,1,43,50418,49,Healthcare,5,1,35-44
1819,1,43,103531,90,Artist,10,5,35-44
1820,0,66,184060,98,Artist,10,5,65-74
1821,1,23,75961,70,Executive,5,7,18-24
1822,1,87,174163,28,Artist,4,2,85+
1823,0,81,105255,54,Executive,8,3,75-84
1824,1,42,51860,4,Lawyer,4,5,35-44
1825,0,32,185218,83,Healthcare,4,6,25-34
1827,0,91,134665,66,Artist,7,2,85+
1828,1,95,91352,9,Doctor,7,3,85+
1830,0,20,113767,88,Artist,6,2,18-24
1832,0,84,99418,27,Artist,4,2,75-84
1833,1,54,56215,34,Healthcare,10,4,45-54
1835,0,90,62504,99,Artist,10,4,85+
1836,0,19,151382,38,Lawyer,1,1,18-24
1837,0,91,156574,96,Marketing,0,7,85+
1838,0,90,60998,35,Entertainment,1,7,85+
1839,0,60,108509,36,Doctor,0,2,55-64
1840,0,68,85540,49,Homemaker,9,1,65-74
1841,0,43,73915,47,Artist,11,2,35-44
1842,1,52,148901,77,Healthcare,4,4,45-54
1843,1,81,152602,91,Entertainment,0,1,75-84
1844,0,54,58999,22,Entertainment,7,3,45-54
1845,0,43,133740,37,Artist,5,4,35-44
1846,0,20,113217,41,Lawyer,9,1,18-24
1847,0,71,60209,46,Artist,1,3,65-74
1848,0,26,145491,72,Entertainment,9,5,25-34
1849,0,75,61393,65,Doctor,7,5,65-74
1850,0,52,133252,55,Artist,1,1,45-54
1851,0,40,187234,14,Doctor,0,5,35-44
1853,0,46,165810,38,Healthcare,3,5,45-54
1854,1,98,125181,30,Artist,0,7,85+
1855,0,84,56809,96,Healthcare,1,2,75-84
1856,1,35,69419,68,Healthcare,9,1,25-34
1857,0,78,70689,54,Artist,1,4,75-84
1858,1,64,55011,53,Artist,1,7,55-64
1859,0,98,87955,79,Engineer,0,2,85+
1860,1,66,153660,24,Healthcare,0,5,65-74
1861,1,32,104494,28,Healthcare,6,4,25-34
1862,1,22,184443,44,Executive,3,7,18-24
1864,0,22,88729,81,Engineer,1,1,18-24
1866,1,24,51604,4,Artist,0,2,18-24
1868,0,52,125508,15,Artist,1,6,45-54
1869,1,62,186157,54,Healthcare,1,1,55-64
1870,0,37,169381,45,Entertainment,0,4,35-44
1871,1,68,110195,47,Homemaker,9,2,65-74
1872,0,63,81199,80,Entertainment,1,2,55-64
1874,0,44,173682,89,Artist,12,6,35-44
1875,1,18,162983,16,Entertainment,0,6,
1876,1,30,94480,1,Executive,0,4,25-34
1877,0,69,168710,80,Doctor,1,4,65-74
1879,0,71,91823,74,Artist,1,4,65-74
1880,0,24,173091,24,Entertainment,6,2,18-24
1881,1,57,102692,94,Healthcare,0,2,55-64
1882,1,97,156812,77,Healthcare,0,6,85+
1883,1,68,51468,48,Artist,0,3,65-74
1885,0,63,155638,81,Artist,1,4,55-64
1886,1,68,129971,61,Artist,8,3,65-74
1887,0,69,104160,77,Engineer,4,4,65-74
1888,0,77,124995,66,Healthcare,0,1,75-84
1889,0,73,180437,50,Entertainment,1,5,65-74
1890,0,19,134644,96,Executive,1,2,18-24
1892,1,71,149318,27,Artist,4,1,65-74
1894,0,68,173047,17,Healthcare,0,3,65-74
1895,0,39,61298,91,Artist,0,5,35-44
1896,1,75,132993,55,Entertainment,8,2,65-74
1897,0,65,72313,36,Lawyer,1,5,55-64
1898,0,30,84885,9,Entertainment,6,5,25-34
1899,1,46,126228,95,Marketing,8,2,45-54
1900,1,40,51199,29,Executive,7,7,35-44
1901,0,40,54631,70,Artist,0,6,35-44
1902,0,20,131810,16,Healthcare,5,7,18-24
1903,1,88,138482,59,Marketing,8,4,85+
1904,1,85,74081,87,Healthcare,4,3,75-84
1905,1,94,112426,54,Engineer,9,6,85+
1906,0,52,164038,53,Artist,5,4,45-54
1907,0,68,53552,97,Marketing,7,6,65-74
1910,1,59,149067,78,Doctor,9,7,55-64
1911,1,32,184408,38,Entertainment,6,7,25-34
1913,0,92,174786,94,Executive,4,3,85+
1915,0,41,56837,4,Healthcare,8,4,35-44
1916,0,18,134752,47,Engineer,6,5,
1917,0,78,112887,80,Entertainment,9,6,75-84
1920,0,36,140637,19,Executive,8,7,35-44
1921,1,46,137973,50,Healthcare,7,7,45-54
1922,0,95,126791,34,Artist,6,4,85+
1923,0,97,75125,89,Executive,8,3,85+
1925,0,94,69654,30,Homemaker,4,4,85+
1928,1,77,151985,29,Healthcare,4,7,75-84
1929,1,70,76892,64,Executive,5,2,65-74
1930,1,58,87602,25,Executive,5,3,55-64
1931,1,72,182317,46,Healthcare,8,6,65-74
1932,1,90,158280,92,Executive,6,7,85+
1933,0,23,59905,79,Artist,7,5,18-24
1934,0,87,128153,42,Artist,7,6,85+
1935,1,64,142612,58,Doctor,4,6,55-64
1938,1,54,166183,65,Artist,7,6,45-54
1939,1,76,132537,44,Doctor,5,3,75-84
1940,0,76,146308,49,Artist,5,1,75-84
1941,0,52,63454,38,Artist,5,5,45-54
1942,1,96,110519,6,Artist,9,4,85+
1943,0,55,66728,50,Healthcare,10,5,45-54
1944,0,54,170638,64,Artist,4,5,45-54
1945,1,19,129635,100,Artist,6,4,18-24
1946,1,29,133587,74,Marketing,5,3,25-34
1947,1,96,126225,47,Engineer,7,4,85+
1948,0,20,148776,21,Artist,8,5,18-24
1949,0,91,142602,64,Lawyer,7,6,85+
1950,1,37,102413,38,Healthcare,5,5,35-44
1951,1,42,68765,69,Entertainment,4,1,35-44
1953,0,58,149237,80,Entertainment,8,6,55-64
1954,0,42,184844,24,Entertainment,6,1,35-44
1955,0,48,131656,45,Lawyer,9,6,45-54
1957,1,59,101698,87,Artist,9,3,55-64
1958,0,45,152560,32,Entertainment,9,2,35-44
1959,1,73,142502,97,Doctor,5,1,65-74
1960,0,85,155432,21,Engineer,4,6,75-84
1961,0,70,108544,49,Entertainment,4,5,65-74
1962,0,52,106530,46,Engineer,7,2,45-54
1963,1,70,124359,51,Homemaker,7,7,65-74
1964,0,88,146970,90,Artist,7,6,85+
1965,1,61,182176,96,Artist,9,5,55-64
1966,0,46,114435,34,Artist,8,3,45-54
1967,1,65,134213,32,Homemaker,8,4,55-64
1968,0,84,115580,73,Entertainment,8,5,75-84
1969,0,76,124034,88,Executive,10,2,75-84
1970,1,31,67894,42,Doctor,9,1,25-34
1971,1,55,107099,89,Executive,4,6,45-54
1972,1,45,140263,88,Entertainment,10,5,35-44
1973,1,98,104249,12,Engineer,5,2,85+
1974,1,40,168821,36,Executive,4,5,35-44
1976,0,41,128960,43,Executive,9,4,35-44
1977,1,60,127438,82,Engineer,7,2,55-64
1978,1,60,125968,100,Lawyer,8,2,55-64
1979,1,84,104589,85,Artist,10,2,75-84
1982,0,62,149797,19,Artist,5,6,55-64
1983,1,33,137094,68,Lawyer,4,1,25-34
1984,0,52,55395,41,Marketing,10,1,45-54
1986,1,27,74050,44,Entertainment,8,1,25-34
1988,1,63,59244,80,Artist,7,1,55-64
1989,0,54,118944,77,Artist,4,4,45-54
1990,0,47,75293,55,Doctor,6,7,45-54
1991,0,30,166983,69,Artist,7,3,25-34
1992,0,97,129444,96,Entertainment,5,6,85+
1993,1,94,181183,24,Marketing,9,3,85+
1994,0,64,175254,100,Artist,9,5,55-64
1995,0,19,54121,89,Engineer,6,3,18-24
1996,0,71,184387,40,Artist,8,7,65-74
1997,0,91,73158,32,Doctor,7,7,85+
1998,1,87,90961,14,Healthcare,9,2,85+
1999,1,77,182109,4,Executive,7,2,75-84
2000,1,90,110610,52,Entertainment,5,2,85+
